"","Date","SUNRISE.REAL","SUNSET.REAL","SUNRISE.START","SUNSET.END"
"1","Jan 1",2015-01-01 08:32:14,2015-01-01 16:40:42,2015-01-01 09:00:00,2015-01-01 16:00:00
"2","Jan 2",2015-01-02 08:32:09,2015-01-02 16:41:44,2015-01-02 09:00:00,2015-01-02 16:00:00
"3","Jan 3",2015-01-03 08:32:00,2015-01-03 16:42:49,2015-01-03 08:45:00,2015-01-03 15:45:00
"4","Jan 4",2015-01-04 08:31:48,2015-01-04 16:43:57,2015-01-04 09:30:00,2015-01-04 16:30:00
"5","Jan 5",2015-01-05 08:31:34,2015-01-05 16:45:06,2015-01-05 09:15:00,2015-01-05 16:15:00
"6","Jan 6",2015-01-06 08:31:16,2015-01-06 16:46:18,2015-01-06 09:30:00,2015-01-06 16:30:00
"7","Jan 7",2015-01-07 08:30:55,2015-01-07 16:47:32,2015-01-07 09:00:00,2015-01-07 16:00:00
"8","Jan 8",2015-01-08 08:30:31,2015-01-08 16:48:48,2015-01-08 09:30:00,2015-01-08 16:30:00
"9","Jan 9",2015-01-09 08:30:03,2015-01-09 16:50:06,2015-01-09 08:30:00,2015-01-09 16:30:00
"10","Jan 10",2015-01-10 08:29:33,2015-01-10 16:51:26,2015-01-10 08:30:00,2015-01-10 16:30:00
"11","Jan 11",2015-01-11 08:29:00,2015-01-11 16:52:48,2015-01-11 08:30:00,2015-01-11 16:30:00
"12","Jan 12",2015-01-12 08:28:24,2015-01-12 16:54:12,2015-01-12 09:00:00,2015-01-12 16:00:00
"13","Jan 13",2015-01-13 08:27:45,2015-01-13 16:55:37,2015-01-13 08:45:00,2015-01-13 16:45:00
"14","Jan 14",2015-01-14 08:27:03,2015-01-14 16:57:04,2015-01-14 08:30:00,2015-01-14 16:30:00
"15","Jan 15",2015-01-15 08:26:18,2015-01-15 16:58:32,2015-01-15 09:00:00,2015-01-15 16:00:00
"16","Jan 16",2015-01-16 08:25:31,2015-01-16 17:00:02,2015-01-16 08:30:00,2015-01-16 16:30:00
"17","Jan 17",2015-01-17 08:24:40,2015-01-17 17:01:34,2015-01-17 09:15:00,2015-01-17 16:15:00
"18","Jan 18",2015-01-18 08:23:47,2015-01-18 17:03:06,2015-01-18 09:00:00,2015-01-18 17:00:00
"19","Jan 19",2015-01-19 08:22:51,2015-01-19 17:04:40,2015-01-19 08:30:00,2015-01-19 16:30:00
"20","Jan 20",2015-01-20 08:21:53,2015-01-20 17:06:15,2015-01-20 09:00:00,2015-01-20 17:00:00
"21","Jan 21",2015-01-21 08:20:52,2015-01-21 17:07:51,2015-01-21 08:45:00,2015-01-21 16:45:00
"22","Jan 22",2015-01-22 08:19:49,2015-01-22 17:09:28,2015-01-22 09:00:00,2015-01-22 17:00:00
"23","Jan 23",2015-01-23 08:18:43,2015-01-23 17:11:06,2015-01-23 08:45:00,2015-01-23 16:45:00
"24","Jan 24",2015-01-24 08:17:35,2015-01-24 17:12:45,2015-01-24 08:45:00,2015-01-24 16:45:00
"25","Jan 25",2015-01-25 08:16:24,2015-01-25 17:14:25,2015-01-25 09:00:00,2015-01-25 17:00:00
"26","Jan 26",2015-01-26 08:15:11,2015-01-26 17:16:05,2015-01-26 08:45:00,2015-01-26 16:45:00
"27","Jan 27",2015-01-27 08:13:56,2015-01-27 17:17:46,2015-01-27 08:30:00,2015-01-27 16:30:00
"28","Jan 28",2015-01-28 08:12:38,2015-01-28 17:19:27,2015-01-28 08:15:00,2015-01-28 17:15:00
"29","Jan 29",2015-01-29 08:11:18,2015-01-29 17:21:10,2015-01-29 08:45:00,2015-01-29 16:45:00
"30","Jan 30",2015-01-30 08:09:57,2015-01-30 17:22:52,2015-01-30 08:30:00,2015-01-30 16:30:00
"31","Jan 31",2015-01-31 08:08:33,2015-01-31 17:24:35,2015-01-31 08:15:00,2015-01-31 17:15:00
"32","Feb 1",2015-02-01 08:07:07,2015-02-01 17:26:18,2015-02-01 08:30:00,2015-02-01 16:30:00
"33","Feb 2",2015-02-02 08:05:39,2015-02-02 17:28:02,2015-02-02 08:30:00,2015-02-02 16:30:00
"34","Feb 3",2015-02-03 08:04:09,2015-02-03 17:29:46,2015-02-03 08:30:00,2015-02-03 16:30:00
"35","Feb 4",2015-02-04 08:02:38,2015-02-04 17:31:30,2015-02-04 09:00:00,2015-02-04 17:00:00
"36","Feb 5",2015-02-05 08:01:04,2015-02-05 17:33:14,2015-02-05 09:00:00,2015-02-05 17:00:00
"37","Feb 6",2015-02-06 07:59:29,2015-02-06 17:34:59,2015-02-06 08:45:00,2015-02-06 16:45:00
"38","Feb 7",2015-02-07 07:57:52,2015-02-07 17:36:43,2015-02-07 08:45:00,2015-02-07 16:45:00
"39","Feb 8",2015-02-08 07:56:14,2015-02-08 17:38:28,2015-02-08 08:45:00,2015-02-08 16:45:00
"40","Feb 9",2015-02-09 07:54:33,2015-02-09 17:40:12,2015-02-09 08:15:00,2015-02-09 17:15:00
"41","Feb 10",2015-02-10 07:52:52,2015-02-10 17:41:57,2015-02-10 08:15:00,2015-02-10 17:15:00
"42","Feb 11",2015-02-11 07:51:08,2015-02-11 17:43:41,2015-02-11 08:15:00,2015-02-11 17:15:00
"43","Feb 12",2015-02-12 07:49:23,2015-02-12 17:45:26,2015-02-12 08:45:00,2015-02-12 17:45:00
"44","Feb 13",2015-02-13 07:47:37,2015-02-13 17:47:10,2015-02-13 08:15:00,2015-02-13 17:15:00
"45","Feb 14",2015-02-14 07:45:50,2015-02-14 17:48:54,2015-02-14 08:45:00,2015-02-14 17:45:00
"46","Feb 15",2015-02-15 07:44:01,2015-02-15 17:50:38,2015-02-15 07:45:00,2015-02-15 17:45:00
"47","Feb 16",2015-02-16 07:42:10,2015-02-16 17:52:22,2015-02-16 08:00:00,2015-02-16 17:00:00
"48","Feb 17",2015-02-17 07:40:19,2015-02-17 17:54:06,2015-02-17 07:45:00,2015-02-17 17:45:00
"49","Feb 18",2015-02-18 07:38:26,2015-02-18 17:55:49,2015-02-18 07:45:00,2015-02-18 17:45:00
"50","Feb 19",2015-02-19 07:36:32,2015-02-19 17:57:32,2015-02-19 07:45:00,2015-02-19 17:45:00
"51","Feb 20",2015-02-20 07:34:37,2015-02-20 17:59:15,2015-02-20 07:45:00,2015-02-20 17:45:00
"52","Feb 21",2015-02-21 07:32:41,2015-02-21 18:00:58,2015-02-21 08:15:00,2015-02-21 17:15:00
"53","Feb 22",2015-02-22 07:30:44,2015-02-22 18:02:40,2015-02-22 08:30:00,2015-02-22 17:30:00
"54","Feb 23",2015-02-23 07:28:46,2015-02-23 18:04:23,2015-02-23 08:00:00,2015-02-23 18:00:00
"55","Feb 24",2015-02-24 07:26:47,2015-02-24 18:06:05,2015-02-24 07:45:00,2015-02-24 17:45:00
"56","Feb 25",2015-02-25 07:24:47,2015-02-25 18:07:46,2015-02-25 08:00:00,2015-02-25 18:00:00
"57","Feb 26",2015-02-26 07:22:46,2015-02-26 18:09:28,2015-02-26 08:15:00,2015-02-26 17:15:00
"58","Feb 27",2015-02-27 07:20:44,2015-02-27 18:11:09,2015-02-27 07:30:00,2015-02-27 17:30:00
"59","Feb 28",2015-02-28 07:18:42,2015-02-28 18:12:50,2015-02-28 08:00:00,2015-02-28 18:00:00
"60","Mar 1",2015-03-01 07:16:38,2015-03-01 18:14:30,2015-03-01 07:30:00,2015-03-01 17:30:00
"61","Mar 2",2015-03-02 07:14:34,2015-03-02 18:16:11,2015-03-02 08:00:00,2015-03-02 18:00:00
"62","Mar 3",2015-03-03 07:12:29,2015-03-03 18:17:51,2015-03-03 08:00:00,2015-03-03 18:00:00
"63","Mar 4",2015-03-04 07:10:24,2015-03-04 18:19:30,2015-03-04 08:00:00,2015-03-04 18:00:00
"64","Mar 5",2015-03-05 07:08:18,2015-03-05 18:21:10,2015-03-05 07:45:00,2015-03-05 17:45:00
"65","Mar 6",2015-03-06 07:06:11,2015-03-06 18:22:49,2015-03-06 07:15:00,2015-03-06 18:15:00
"66","Mar 7",2015-03-07 07:04:04,2015-03-07 18:24:28,2015-03-07 07:15:00,2015-03-07 18:15:00
"67","Mar 8",2015-03-08 08:01:57,2015-03-08 19:26:07,2015-03-08 08:15:00,2015-03-08 19:15:00
"68","Mar 9",2015-03-09 07:59:48,2015-03-09 19:27:45,2015-03-09 08:45:00,2015-03-09 18:45:00
"69","Mar 10",2015-03-10 07:57:40,2015-03-10 19:29:23,2015-03-10 08:45:00,2015-03-10 18:45:00
"70","Mar 11",2015-03-11 07:55:31,2015-03-11 19:31:01,2015-03-11 08:00:00,2015-03-11 19:00:00
"71","Mar 12",2015-03-12 07:53:21,2015-03-12 19:32:39,2015-03-12 08:00:00,2015-03-12 19:00:00
"72","Mar 13",2015-03-13 07:51:11,2015-03-13 19:34:17,2015-03-13 08:45:00,2015-03-13 18:45:00
"73","Mar 14",2015-03-14 07:49:01,2015-03-14 19:35:54,2015-03-14 08:00:00,2015-03-14 19:00:00
"74","Mar 15",2015-03-15 07:46:51,2015-03-15 19:37:31,2015-03-15 08:00:00,2015-03-15 19:00:00
"75","Mar 16",2015-03-16 07:44:40,2015-03-16 19:39:08,2015-03-16 08:30:00,2015-03-16 19:30:00
"76","Mar 17",2015-03-17 07:42:30,2015-03-17 19:40:45,2015-03-17 08:15:00,2015-03-17 19:15:00
"77","Mar 18",2015-03-18 07:40:18,2015-03-18 19:42:21,2015-03-18 08:15:00,2015-03-18 19:15:00
"78","Mar 19",2015-03-19 07:38:07,2015-03-19 19:43:58,2015-03-19 07:45:00,2015-03-19 18:45:00
"79","Mar 20",2015-03-20 07:35:56,2015-03-20 19:45:34,2015-03-20 08:00:00,2015-03-20 19:00:00
"80","Mar 21",2015-03-21 07:33:44,2015-03-21 19:47:10,2015-03-21 08:15:00,2015-03-21 19:15:00
"81","Mar 22",2015-03-22 07:31:33,2015-03-22 19:48:46,2015-03-22 07:45:00,2015-03-22 19:45:00
"82","Mar 23",2015-03-23 07:29:21,2015-03-23 19:50:22,2015-03-23 08:15:00,2015-03-23 19:15:00
"83","Mar 24",2015-03-24 07:27:10,2015-03-24 19:51:57,2015-03-24 08:00:00,2015-03-24 19:00:00
"84","Mar 25",2015-03-25 07:24:58,2015-03-25 19:53:33,2015-03-25 07:30:00,2015-03-25 19:30:00
"85","Mar 26",2015-03-26 07:22:47,2015-03-26 19:55:08,2015-03-26 08:15:00,2015-03-26 19:15:00
"86","Mar 27",2015-03-27 07:20:35,2015-03-27 19:56:44,2015-03-27 07:30:00,2015-03-27 19:30:00
"87","Mar 28",2015-03-28 07:18:24,2015-03-28 19:58:19,2015-03-28 07:45:00,2015-03-28 19:45:00
"88","Mar 29",2015-03-29 07:16:13,2015-03-29 19:59:54,2015-03-29 08:15:00,2015-03-29 19:15:00
"89","Mar 30",2015-03-30 07:14:02,2015-03-30 20:01:30,2015-03-30 08:00:00,2015-03-30 20:00:00
"90","Mar 31",2015-03-31 07:11:51,2015-03-31 20:03:05,2015-03-31 08:00:00,2015-03-31 20:00:00
"91","Apr 1",2015-04-01 07:09:41,2015-04-01 20:04:40,2015-04-01 07:45:00,2015-04-01 19:45:00
"92","Apr 2",2015-04-02 07:07:30,2015-04-02 20:06:15,2015-04-02 08:00:00,2015-04-02 20:00:00
"93","Apr 3",2015-04-03 07:05:20,2015-04-03 20:07:50,2015-04-03 07:15:00,2015-04-03 19:15:00
"94","Apr 4",2015-04-04 07:03:11,2015-04-04 20:09:25,2015-04-04 07:30:00,2015-04-04 19:30:00
"95","Apr 5",2015-04-05 07:01:01,2015-04-05 20:11:00,2015-04-05 07:45:00,2015-04-05 19:45:00
"96","Apr 6",2015-04-06 06:58:52,2015-04-06 20:12:35,2015-04-06 07:30:00,2015-04-06 19:30:00
"97","Apr 7",2015-04-07 06:56:44,2015-04-07 20:14:10,2015-04-07 07:15:00,2015-04-07 19:15:00
"98","Apr 8",2015-04-08 06:54:36,2015-04-08 20:15:45,2015-04-08 07:30:00,2015-04-08 19:30:00
"99","Apr 9",2015-04-09 06:52:28,2015-04-09 20:17:20,2015-04-09 07:45:00,2015-04-09 19:45:00
"100","Apr 10",2015-04-10 06:50:21,2015-04-10 20:18:55,2015-04-10 07:30:00,2015-04-10 19:30:00
"101","Apr 11",2015-04-11 06:48:15,2015-04-11 20:20:30,2015-04-11 07:30:00,2015-04-11 19:30:00
"102","Apr 12",2015-04-12 06:46:09,2015-04-12 20:22:05,2015-04-12 07:00:00,2015-04-12 20:00:00
"103","Apr 13",2015-04-13 06:44:04,2015-04-13 20:23:40,2015-04-13 07:00:00,2015-04-13 20:00:00
"104","Apr 14",2015-04-14 06:41:59,2015-04-14 20:25:15,2015-04-14 07:30:00,2015-04-14 19:30:00
"105","Apr 15",2015-04-15 06:39:55,2015-04-15 20:26:49,2015-04-15 07:30:00,2015-04-15 19:30:00
"106","Apr 16",2015-04-16 06:37:52,2015-04-16 20:28:24,2015-04-16 07:15:00,2015-04-16 20:15:00
"107","Apr 17",2015-04-17 06:35:49,2015-04-17 20:29:59,2015-04-17 06:45:00,2015-04-17 19:45:00
"108","Apr 18",2015-04-18 06:33:47,2015-04-18 20:31:34,2015-04-18 06:45:00,2015-04-18 19:45:00
"109","Apr 19",2015-04-19 06:31:47,2015-04-19 20:33:09,2015-04-19 06:45:00,2015-04-19 19:45:00
"110","Apr 20",2015-04-20 06:29:47,2015-04-20 20:34:43,2015-04-20 06:30:00,2015-04-20 20:30:00
"111","Apr 21",2015-04-21 06:27:47,2015-04-21 20:36:18,2015-04-21 07:15:00,2015-04-21 20:15:00
"112","Apr 22",2015-04-22 06:25:49,2015-04-22 20:37:52,2015-04-22 06:30:00,2015-04-22 20:30:00
"113","Apr 23",2015-04-23 06:23:52,2015-04-23 20:39:27,2015-04-23 07:00:00,2015-04-23 20:00:00
"114","Apr 24",2015-04-24 06:21:56,2015-04-24 20:41:01,2015-04-24 07:00:00,2015-04-24 20:00:00
"115","Apr 25",2015-04-25 06:20:01,2015-04-25 20:42:35,2015-04-25 07:15:00,2015-04-25 20:15:00
"116","Apr 26",2015-04-26 06:18:07,2015-04-26 20:44:09,2015-04-26 07:00:00,2015-04-26 20:00:00
"117","Apr 27",2015-04-27 06:16:14,2015-04-27 20:45:43,2015-04-27 06:45:00,2015-04-27 20:45:00
"118","Apr 28",2015-04-28 06:14:22,2015-04-28 20:47:17,2015-04-28 07:00:00,2015-04-28 20:00:00
"119","Apr 29",2015-04-29 06:12:31,2015-04-29 20:48:50,2015-04-29 06:45:00,2015-04-29 20:45:00
"120","Apr 30",2015-04-30 06:10:42,2015-04-30 20:50:24,2015-04-30 06:15:00,2015-04-30 20:15:00
"121","May 1",2015-05-01 06:08:54,2015-05-01 20:51:57,2015-05-01 06:15:00,2015-05-01 20:15:00
"122","May 2",2015-05-02 06:07:08,2015-05-02 20:53:29,2015-05-02 06:30:00,2015-05-02 20:30:00
"123","May 3",2015-05-03 06:05:22,2015-05-03 20:55:02,2015-05-03 06:45:00,2015-05-03 20:45:00
"124","May 4",2015-05-04 06:03:38,2015-05-04 20:56:34,2015-05-04 06:45:00,2015-05-04 20:45:00
"125","May 5",2015-05-05 06:01:56,2015-05-05 20:58:05,2015-05-05 07:00:00,2015-05-05 20:00:00
"126","May 6",2015-05-06 06:00:15,2015-05-06 20:59:37,2015-05-06 06:30:00,2015-05-06 20:30:00
"127","May 7",2015-05-07 05:58:36,2015-05-07 21:01:07,2015-05-07 06:30:00,2015-05-07 20:30:00
"128","May 8",2015-05-08 05:56:58,2015-05-08 21:02:38,2015-05-08 06:30:00,2015-05-08 20:30:00
"129","May 9",2015-05-09 05:55:22,2015-05-09 21:04:07,2015-05-09 06:30:00,2015-05-09 20:30:00
"130","May 10",2015-05-10 05:53:48,2015-05-10 21:05:36,2015-05-10 06:15:00,2015-05-10 20:15:00
"131","May 11",2015-05-11 05:52:15,2015-05-11 21:07:05,2015-05-11 06:45:00,2015-05-11 20:45:00
"132","May 12",2015-05-12 05:50:44,2015-05-12 21:08:33,2015-05-12 06:30:00,2015-05-12 20:30:00
"133","May 13",2015-05-13 05:49:15,2015-05-13 21:10:00,2015-05-13 06:45:00,2015-05-13 20:45:00
"134","May 14",2015-05-14 05:47:48,2015-05-14 21:11:26,2015-05-14 06:15:00,2015-05-14 20:15:00
"135","May 15",2015-05-15 05:46:23,2015-05-15 21:12:51,2015-05-15 06:15:00,2015-05-15 20:15:00
"136","May 16",2015-05-16 05:45:00,2015-05-16 21:14:16,2015-05-16 06:15:00,2015-05-16 20:15:00
"137","May 17",2015-05-17 05:43:38,2015-05-17 21:15:40,2015-05-17 06:30:00,2015-05-17 20:30:00
"138","May 18",2015-05-18 05:42:19,2015-05-18 21:17:02,2015-05-18 05:45:00,2015-05-18 20:45:00
"139","May 19",2015-05-19 05:41:02,2015-05-19 21:18:24,2015-05-19 06:30:00,2015-05-19 20:30:00
"140","May 20",2015-05-20 05:39:47,2015-05-20 21:19:44,2015-05-20 06:30:00,2015-05-20 20:30:00
"141","May 21",2015-05-21 05:38:34,2015-05-21 21:21:04,2015-05-21 06:00:00,2015-05-21 21:00:00
"142","May 22",2015-05-22 05:37:24,2015-05-22 21:22:22,2015-05-22 06:15:00,2015-05-22 21:15:00
"143","May 23",2015-05-23 05:36:16,2015-05-23 21:23:39,2015-05-23 06:00:00,2015-05-23 21:00:00
"144","May 24",2015-05-24 05:35:10,2015-05-24 21:24:54,2015-05-24 06:30:00,2015-05-24 20:30:00
"145","May 25",2015-05-25 05:34:06,2015-05-25 21:26:08,2015-05-25 06:30:00,2015-05-25 20:30:00
"146","May 26",2015-05-26 05:33:05,2015-05-26 21:27:21,2015-05-26 06:00:00,2015-05-26 21:00:00
"147","May 27",2015-05-27 05:32:07,2015-05-27 21:28:32,2015-05-27 06:15:00,2015-05-27 21:15:00
"148","May 28",2015-05-28 05:31:10,2015-05-28 21:29:41,2015-05-28 05:45:00,2015-05-28 20:45:00
"149","May 29",2015-05-29 05:30:17,2015-05-29 21:30:49,2015-05-29 06:15:00,2015-05-29 21:15:00
"150","May 30",2015-05-30 05:29:26,2015-05-30 21:31:55,2015-05-30 06:15:00,2015-05-30 21:15:00
"151","May 31",2015-05-31 05:28:37,2015-05-31 21:32:59,2015-05-31 06:15:00,2015-05-31 21:15:00
"152","Jun 1",2015-06-01 05:27:52,2015-06-01 21:34:02,2015-06-01 06:00:00,2015-06-01 21:00:00
"153","Jun 2",2015-06-02 05:27:09,2015-06-02 21:35:02,2015-06-02 05:45:00,2015-06-02 20:45:00
"154","Jun 3",2015-06-03 05:26:28,2015-06-03 21:36:00,2015-06-03 06:15:00,2015-06-03 21:15:00
"155","Jun 4",2015-06-04 05:25:51,2015-06-04 21:36:57,2015-06-04 06:00:00,2015-06-04 21:00:00
"156","Jun 5",2015-06-05 05:25:16,2015-06-05 21:37:51,2015-06-05 05:30:00,2015-06-05 21:30:00
"157","Jun 6",2015-06-06 05:24:44,2015-06-06 21:38:43,2015-06-06 05:30:00,2015-06-06 21:30:00
"158","Jun 7",2015-06-07 05:24:14,2015-06-07 21:39:33,2015-06-07 05:30:00,2015-06-07 21:30:00
"159","Jun 8",2015-06-08 05:23:48,2015-06-08 21:40:20,2015-06-08 05:45:00,2015-06-08 20:45:00
"160","Jun 9",2015-06-09 05:23:24,2015-06-09 21:41:05,2015-06-09 05:45:00,2015-06-09 20:45:00
"161","Jun 10",2015-06-10 05:23:04,2015-06-10 21:41:48,2015-06-10 05:45:00,2015-06-10 20:45:00
"162","Jun 11",2015-06-11 05:22:46,2015-06-11 21:42:28,2015-06-11 05:45:00,2015-06-11 20:45:00
"163","Jun 12",2015-06-12 05:22:31,2015-06-12 21:43:06,2015-06-12 06:15:00,2015-06-12 21:15:00
"164","Jun 13",2015-06-13 05:22:19,2015-06-13 21:43:41,2015-06-13 05:30:00,2015-06-13 21:30:00
"165","Jun 14",2015-06-14 05:22:09,2015-06-14 21:44:14,2015-06-14 06:00:00,2015-06-14 21:00:00
"166","Jun 15",2015-06-15 05:22:03,2015-06-15 21:44:44,2015-06-15 05:30:00,2015-06-15 21:30:00
"167","Jun 16",2015-06-16 05:22:00,2015-06-16 21:45:11,2015-06-16 05:45:00,2015-06-16 21:45:00
"168","Jun 17",2015-06-17 05:21:59,2015-06-17 21:45:35,2015-06-17 06:00:00,2015-06-17 21:00:00
"169","Jun 18",2015-06-18 05:22:02,2015-06-18 21:45:57,2015-06-18 05:30:00,2015-06-18 21:30:00
"170","Jun 19",2015-06-19 05:22:07,2015-06-19 21:46:16,2015-06-19 06:15:00,2015-06-19 21:15:00
"171","Jun 20",2015-06-20 05:22:15,2015-06-20 21:46:32,2015-06-20 05:45:00,2015-06-20 21:45:00
"172","Jun 21",2015-06-21 05:22:26,2015-06-21 21:46:46,2015-06-21 05:30:00,2015-06-21 21:30:00
"173","Jun 22",2015-06-22 05:22:39,2015-06-22 21:46:56,2015-06-22 06:00:00,2015-06-22 21:00:00
"174","Jun 23",2015-06-23 05:22:56,2015-06-23 21:47:03,2015-06-23 06:15:00,2015-06-23 21:15:00
"175","Jun 24",2015-06-24 05:23:15,2015-06-24 21:47:08,2015-06-24 05:30:00,2015-06-24 21:30:00
"176","Jun 25",2015-06-25 05:23:37,2015-06-25 21:47:10,2015-06-25 05:30:00,2015-06-25 21:30:00
"177","Jun 26",2015-06-26 05:24:02,2015-06-26 21:47:08,2015-06-26 05:45:00,2015-06-26 21:45:00
"178","Jun 27",2015-06-27 05:24:29,2015-06-27 21:47:04,2015-06-27 05:30:00,2015-06-27 21:30:00
"179","Jun 28",2015-06-28 05:24:59,2015-06-28 21:46:57,2015-06-28 06:00:00,2015-06-28 21:00:00
"180","Jun 29",2015-06-29 05:25:32,2015-06-29 21:46:47,2015-06-29 06:00:00,2015-06-29 21:00:00
"181","Jun 30",2015-06-30 05:26:07,2015-06-30 21:46:34,2015-06-30 06:00:00,2015-06-30 21:00:00
"182","Jul 1",2015-07-01 05:26:44,2015-07-01 21:46:18,2015-07-01 06:15:00,2015-07-01 21:15:00
"183","Jul 2",2015-07-02 05:27:24,2015-07-02 21:45:59,2015-07-02 05:45:00,2015-07-02 21:45:00
"184","Jul 3",2015-07-03 05:28:06,2015-07-03 21:45:37,2015-07-03 05:45:00,2015-07-03 21:45:00
"185","Jul 4",2015-07-04 05:28:51,2015-07-04 21:45:12,2015-07-04 06:15:00,2015-07-04 21:15:00
"186","Jul 5",2015-07-05 05:29:38,2015-07-05 21:44:45,2015-07-05 06:00:00,2015-07-05 21:00:00
"187","Jul 6",2015-07-06 05:30:27,2015-07-06 21:44:14,2015-07-06 05:45:00,2015-07-06 20:45:00
"188","Jul 7",2015-07-07 05:31:18,2015-07-07 21:43:41,2015-07-07 05:45:00,2015-07-07 20:45:00
"189","Jul 8",2015-07-08 05:32:11,2015-07-08 21:43:05,2015-07-08 05:45:00,2015-07-08 20:45:00
"190","Jul 9",2015-07-09 05:33:07,2015-07-09 21:42:26,2015-07-09 06:00:00,2015-07-09 21:00:00
"191","Jul 10",2015-07-10 05:34:04,2015-07-10 21:41:45,2015-07-10 05:45:00,2015-07-10 20:45:00
"192","Jul 11",2015-07-11 05:35:03,2015-07-11 21:41:00,2015-07-11 05:45:00,2015-07-11 20:45:00
"193","Jul 12",2015-07-12 05:36:04,2015-07-12 21:40:13,2015-07-12 06:30:00,2015-07-12 21:30:00
"194","Jul 13",2015-07-13 05:37:07,2015-07-13 21:39:24,2015-07-13 06:30:00,2015-07-13 21:30:00
"195","Jul 14",2015-07-14 05:38:12,2015-07-14 21:38:31,2015-07-14 06:30:00,2015-07-14 21:30:00
"196","Jul 15",2015-07-15 05:39:18,2015-07-15 21:37:36,2015-07-15 06:30:00,2015-07-15 21:30:00
"197","Jul 16",2015-07-16 05:40:25,2015-07-16 21:36:39,2015-07-16 06:15:00,2015-07-16 21:15:00
"198","Jul 17",2015-07-17 05:41:35,2015-07-17 21:35:39,2015-07-17 06:00:00,2015-07-17 21:00:00
"199","Jul 18",2015-07-18 05:42:45,2015-07-18 21:34:36,2015-07-18 05:45:00,2015-07-18 20:45:00
"200","Jul 19",2015-07-19 05:43:57,2015-07-19 21:33:32,2015-07-19 05:45:00,2015-07-19 20:45:00
"201","Jul 20",2015-07-20 05:45:11,2015-07-20 21:32:24,2015-07-20 06:30:00,2015-07-20 21:30:00
"202","Jul 21",2015-07-21 05:46:25,2015-07-21 21:31:15,2015-07-21 06:00:00,2015-07-21 21:00:00
"203","Jul 22",2015-07-22 05:47:41,2015-07-22 21:30:03,2015-07-22 06:30:00,2015-07-22 21:30:00
"204","Jul 23",2015-07-23 05:48:58,2015-07-23 21:28:49,2015-07-23 06:30:00,2015-07-23 20:30:00
"205","Jul 24",2015-07-24 05:50:16,2015-07-24 21:27:33,2015-07-24 06:00:00,2015-07-24 21:00:00
"206","Jul 25",2015-07-25 05:51:35,2015-07-25 21:26:14,2015-07-25 06:45:00,2015-07-25 20:45:00
"207","Jul 26",2015-07-26 05:52:55,2015-07-26 21:24:54,2015-07-26 06:30:00,2015-07-26 20:30:00
"208","Jul 27",2015-07-27 05:54:16,2015-07-27 21:23:31,2015-07-27 06:00:00,2015-07-27 21:00:00
"209","Jul 28",2015-07-28 05:55:38,2015-07-28 21:22:06,2015-07-28 06:30:00,2015-07-28 20:30:00
"210","Jul 29",2015-07-29 05:57:01,2015-07-29 21:20:40,2015-07-29 06:15:00,2015-07-29 21:15:00
"211","Jul 30",2015-07-30 05:58:24,2015-07-30 21:19:11,2015-07-30 06:45:00,2015-07-30 20:45:00
"212","Jul 31",2015-07-31 05:59:48,2015-07-31 21:17:41,2015-07-31 06:15:00,2015-07-31 21:15:00
"213","Aug 1",2015-08-01 06:01:13,2015-08-01 21:16:09,2015-08-01 07:00:00,2015-08-01 21:00:00
"214","Aug 2",2015-08-02 06:02:38,2015-08-02 21:14:35,2015-08-02 06:45:00,2015-08-02 20:45:00
"215","Aug 3",2015-08-03 06:04:04,2015-08-03 21:12:59,2015-08-03 06:45:00,2015-08-03 20:45:00
"216","Aug 4",2015-08-04 06:05:30,2015-08-04 21:11:22,2015-08-04 07:00:00,2015-08-04 21:00:00
"217","Aug 5",2015-08-05 06:06:57,2015-08-05 21:09:43,2015-08-05 06:45:00,2015-08-05 20:45:00
"218","Aug 6",2015-08-06 06:08:24,2015-08-06 21:08:02,2015-08-06 06:30:00,2015-08-06 20:30:00
"219","Aug 7",2015-08-07 06:09:52,2015-08-07 21:06:20,2015-08-07 06:30:00,2015-08-07 20:30:00
"220","Aug 8",2015-08-08 06:11:20,2015-08-08 21:04:36,2015-08-08 06:15:00,2015-08-08 20:15:00
"221","Aug 9",2015-08-09 06:12:48,2015-08-09 21:02:51,2015-08-09 06:30:00,2015-08-09 20:30:00
"222","Aug 10",2015-08-10 06:14:17,2015-08-10 21:01:04,2015-08-10 06:15:00,2015-08-10 20:15:00
"223","Aug 11",2015-08-11 06:15:45,2015-08-11 20:59:16,2015-08-11 06:30:00,2015-08-11 20:30:00
"224","Aug 12",2015-08-12 06:17:14,2015-08-12 20:57:27,2015-08-12 07:00:00,2015-08-12 20:00:00
"225","Aug 13",2015-08-13 06:18:44,2015-08-13 20:55:36,2015-08-13 06:45:00,2015-08-13 20:45:00
"226","Aug 14",2015-08-14 06:20:13,2015-08-14 20:53:45,2015-08-14 06:45:00,2015-08-14 20:45:00
"227","Aug 15",2015-08-15 06:21:43,2015-08-15 20:51:52,2015-08-15 07:00:00,2015-08-15 20:00:00
"228","Aug 16",2015-08-16 06:23:13,2015-08-16 20:49:57,2015-08-16 07:15:00,2015-08-16 20:15:00
"229","Aug 17",2015-08-17 06:24:43,2015-08-17 20:48:02,2015-08-17 07:15:00,2015-08-17 20:15:00
"230","Aug 18",2015-08-18 06:26:13,2015-08-18 20:46:06,2015-08-18 07:15:00,2015-08-18 20:15:00
"231","Aug 19",2015-08-19 06:27:43,2015-08-19 20:44:08,2015-08-19 06:30:00,2015-08-19 20:30:00
"232","Aug 20",2015-08-20 06:29:13,2015-08-20 20:42:10,2015-08-20 06:45:00,2015-08-20 19:45:00
"233","Aug 21",2015-08-21 06:30:43,2015-08-21 20:40:10,2015-08-21 07:30:00,2015-08-21 20:30:00
"234","Aug 22",2015-08-22 06:32:13,2015-08-22 20:38:10,2015-08-22 07:30:00,2015-08-22 20:30:00
"235","Aug 23",2015-08-23 06:33:44,2015-08-23 20:36:08,2015-08-23 07:00:00,2015-08-23 20:00:00
"236","Aug 24",2015-08-24 06:35:14,2015-08-24 20:34:06,2015-08-24 07:15:00,2015-08-24 20:15:00
"237","Aug 25",2015-08-25 06:36:44,2015-08-25 20:32:03,2015-08-25 07:00:00,2015-08-25 20:00:00
"238","Aug 26",2015-08-26 06:38:15,2015-08-26 20:30:00,2015-08-26 07:30:00,2015-08-26 20:30:00
"239","Aug 27",2015-08-27 06:39:45,2015-08-27 20:27:55,2015-08-27 07:30:00,2015-08-27 19:30:00
"240","Aug 28",2015-08-28 06:41:15,2015-08-28 20:25:50,2015-08-28 07:00:00,2015-08-28 20:00:00
"241","Aug 29",2015-08-29 06:42:46,2015-08-29 20:23:44,2015-08-29 06:45:00,2015-08-29 19:45:00
"242","Aug 30",2015-08-30 06:44:16,2015-08-30 20:21:37,2015-08-30 07:00:00,2015-08-30 20:00:00
"243","Aug 31",2015-08-31 06:45:46,2015-08-31 20:19:30,2015-08-31 07:00:00,2015-08-31 20:00:00
"244","Sep 1",2015-09-01 06:47:16,2015-09-01 20:17:22,2015-09-01 07:30:00,2015-09-01 19:30:00
"245","Sep 2",2015-09-02 06:48:46,2015-09-02 20:15:14,2015-09-02 07:15:00,2015-09-02 20:15:00
"246","Sep 3",2015-09-03 06:50:17,2015-09-03 20:13:05,2015-09-03 07:45:00,2015-09-03 19:45:00
"247","Sep 4",2015-09-04 06:51:47,2015-09-04 20:10:56,2015-09-04 07:45:00,2015-09-04 19:45:00
"248","Sep 5",2015-09-05 06:53:17,2015-09-05 20:08:46,2015-09-05 07:15:00,2015-09-05 19:15:00
"249","Sep 6",2015-09-06 06:54:47,2015-09-06 20:06:35,2015-09-06 07:15:00,2015-09-06 19:15:00
"250","Sep 7",2015-09-07 06:56:17,2015-09-07 20:04:25,2015-09-07 07:15:00,2015-09-07 19:15:00
"251","Sep 8",2015-09-08 06:57:47,2015-09-08 20:02:14,2015-09-08 07:30:00,2015-09-08 19:30:00
"252","Sep 9",2015-09-09 06:59:18,2015-09-09 20:00:02,2015-09-09 07:45:00,2015-09-09 19:45:00
"253","Sep 10",2015-09-10 07:00:48,2015-09-10 19:57:51,2015-09-10 08:00:00,2015-09-10 19:00:00
"254","Sep 11",2015-09-11 07:02:18,2015-09-11 19:55:39,2015-09-11 07:30:00,2015-09-11 19:30:00
"255","Sep 12",2015-09-12 07:03:48,2015-09-12 19:53:26,2015-09-12 08:00:00,2015-09-12 19:00:00
"256","Sep 13",2015-09-13 07:05:18,2015-09-13 19:51:14,2015-09-13 07:30:00,2015-09-13 19:30:00
"257","Sep 14",2015-09-14 07:06:49,2015-09-14 19:49:01,2015-09-14 08:00:00,2015-09-14 19:00:00
"258","Sep 15",2015-09-15 07:08:19,2015-09-15 19:46:49,2015-09-15 07:45:00,2015-09-15 19:45:00
"259","Sep 16",2015-09-16 07:09:49,2015-09-16 19:44:36,2015-09-16 07:15:00,2015-09-16 19:15:00
"260","Sep 17",2015-09-17 07:11:20,2015-09-17 19:42:23,2015-09-17 07:45:00,2015-09-17 18:45:00
"261","Sep 18",2015-09-18 07:12:50,2015-09-18 19:40:10,2015-09-18 07:45:00,2015-09-18 18:45:00
"262","Sep 19",2015-09-19 07:14:21,2015-09-19 19:37:57,2015-09-19 08:00:00,2015-09-19 19:00:00
"263","Sep 20",2015-09-20 07:15:52,2015-09-20 19:35:43,2015-09-20 07:30:00,2015-09-20 19:30:00
"264","Sep 21",2015-09-21 07:17:23,2015-09-21 19:33:30,2015-09-21 07:45:00,2015-09-21 18:45:00
"265","Sep 22",2015-09-22 07:18:54,2015-09-22 19:31:17,2015-09-22 08:15:00,2015-09-22 19:15:00
"266","Sep 23",2015-09-23 07:20:25,2015-09-23 19:29:04,2015-09-23 08:00:00,2015-09-23 19:00:00
"267","Sep 24",2015-09-24 07:21:56,2015-09-24 19:26:51,2015-09-24 07:45:00,2015-09-24 18:45:00
"268","Sep 25",2015-09-25 07:23:27,2015-09-25 19:24:39,2015-09-25 08:15:00,2015-09-25 19:15:00
"269","Sep 26",2015-09-26 07:24:59,2015-09-26 19:22:26,2015-09-26 07:30:00,2015-09-26 18:30:00
"270","Sep 27",2015-09-27 07:26:30,2015-09-27 19:20:14,2015-09-27 07:45:00,2015-09-27 18:45:00
"271","Sep 28",2015-09-28 07:28:02,2015-09-28 19:18:01,2015-09-28 08:15:00,2015-09-28 19:15:00
"272","Sep 29",2015-09-29 07:29:34,2015-09-29 19:15:49,2015-09-29 08:00:00,2015-09-29 19:00:00
"273","Sep 30",2015-09-30 07:31:07,2015-09-30 19:13:38,2015-09-30 08:30:00,2015-09-30 18:30:00
"274","Oct 1",2015-10-01 07:32:39,2015-10-01 19:11:26,2015-10-01 08:00:00,2015-10-01 19:00:00
"275","Oct 2",2015-10-02 07:34:12,2015-10-02 19:09:15,2015-10-02 08:00:00,2015-10-02 19:00:00
"276","Oct 3",2015-10-03 07:35:45,2015-10-03 19:07:05,2015-10-03 07:45:00,2015-10-03 18:45:00
"277","Oct 4",2015-10-04 07:37:18,2015-10-04 19:04:55,2015-10-04 08:00:00,2015-10-04 19:00:00
"278","Oct 5",2015-10-05 07:38:52,2015-10-05 19:02:45,2015-10-05 07:45:00,2015-10-05 18:45:00
"279","Oct 6",2015-10-06 07:40:25,2015-10-06 19:00:36,2015-10-06 08:00:00,2015-10-06 19:00:00
"280","Oct 7",2015-10-07 07:41:59,2015-10-07 18:58:27,2015-10-07 08:30:00,2015-10-07 18:30:00
"281","Oct 8",2015-10-08 07:43:34,2015-10-08 18:56:19,2015-10-08 08:30:00,2015-10-08 18:30:00
"282","Oct 9",2015-10-09 07:45:08,2015-10-09 18:54:11,2015-10-09 08:15:00,2015-10-09 18:15:00
"283","Oct 10",2015-10-10 07:46:43,2015-10-10 18:52:04,2015-10-10 08:00:00,2015-10-10 18:00:00
"284","Oct 11",2015-10-11 07:48:18,2015-10-11 18:49:58,2015-10-11 08:15:00,2015-10-11 18:15:00
"285","Oct 12",2015-10-12 07:49:53,2015-10-12 18:47:52,2015-10-12 08:30:00,2015-10-12 18:30:00
"286","Oct 13",2015-10-13 07:51:29,2015-10-13 18:45:47,2015-10-13 08:00:00,2015-10-13 18:00:00
"287","Oct 14",2015-10-14 07:53:05,2015-10-14 18:43:43,2015-10-14 08:15:00,2015-10-14 18:15:00
"288","Oct 15",2015-10-15 07:54:42,2015-10-15 18:41:39,2015-10-15 08:45:00,2015-10-15 17:45:00
"289","Oct 16",2015-10-16 07:56:18,2015-10-16 18:39:37,2015-10-16 08:45:00,2015-10-16 17:45:00
"290","Oct 17",2015-10-17 07:57:55,2015-10-17 18:37:35,2015-10-17 08:30:00,2015-10-17 18:30:00
"291","Oct 18",2015-10-18 07:59:32,2015-10-18 18:35:34,2015-10-18 08:00:00,2015-10-18 18:00:00
"292","Oct 19",2015-10-19 08:01:10,2015-10-19 18:33:34,2015-10-19 08:15:00,2015-10-19 18:15:00
"293","Oct 20",2015-10-20 08:02:48,2015-10-20 18:31:35,2015-10-20 08:15:00,2015-10-20 18:15:00
"294","Oct 21",2015-10-21 08:04:26,2015-10-21 18:29:37,2015-10-21 08:30:00,2015-10-21 17:30:00
"295","Oct 22",2015-10-22 08:06:04,2015-10-22 18:27:40,2015-10-22 08:45:00,2015-10-22 17:45:00
"296","Oct 23",2015-10-23 08:07:43,2015-10-23 18:25:45,2015-10-23 09:00:00,2015-10-23 18:00:00
"297","Oct 24",2015-10-24 08:09:22,2015-10-24 18:23:50,2015-10-24 08:30:00,2015-10-24 17:30:00
"298","Oct 25",2015-10-25 08:11:01,2015-10-25 18:21:57,2015-10-25 08:30:00,2015-10-25 17:30:00
"299","Oct 26",2015-10-26 08:12:41,2015-10-26 18:20:04,2015-10-26 09:00:00,2015-10-26 18:00:00
"300","Oct 27",2015-10-27 08:14:20,2015-10-27 18:18:14,2015-10-27 08:45:00,2015-10-27 17:45:00
"301","Oct 28",2015-10-28 08:16:00,2015-10-28 18:16:24,2015-10-28 08:30:00,2015-10-28 17:30:00
"302","Oct 29",2015-10-29 08:17:40,2015-10-29 18:14:36,2015-10-29 09:15:00,2015-10-29 17:15:00
"303","Oct 30",2015-10-30 08:19:20,2015-10-30 18:12:49,2015-10-30 09:15:00,2015-10-30 17:15:00
"304","Oct 31",2015-10-31 08:21:01,2015-10-31 18:11:04,2015-10-31 09:00:00,2015-10-31 18:00:00
"305","Nov 1",2015-11-01 07:22:41,2015-11-01 17:09:20,2015-11-01 07:45:00,2015-11-01 16:45:00
"306","Nov 2",2015-11-02 07:24:22,2015-11-02 17:07:38,2015-11-02 08:00:00,2015-11-02 17:00:00
"307","Nov 3",2015-11-03 07:26:02,2015-11-03 17:05:57,2015-11-03 07:45:00,2015-11-03 16:45:00
"308","Nov 4",2015-11-04 07:27:43,2015-11-04 17:04:18,2015-11-04 07:45:00,2015-11-04 16:45:00
"309","Nov 5",2015-11-05 07:29:23,2015-11-05 17:02:41,2015-11-05 07:30:00,2015-11-05 16:30:00
"310","Nov 6",2015-11-06 07:31:04,2015-11-06 17:01:05,2015-11-06 07:45:00,2015-11-06 16:45:00
"311","Nov 7",2015-11-07 07:32:45,2015-11-07 16:59:31,2015-11-07 07:45:00,2015-11-07 16:45:00
"312","Nov 8",2015-11-08 07:34:25,2015-11-08 16:57:59,2015-11-08 08:15:00,2015-11-08 16:15:00
"313","Nov 9",2015-11-09 07:36:05,2015-11-09 16:56:29,2015-11-09 08:15:00,2015-11-09 16:15:00
"314","Nov 10",2015-11-10 07:37:45,2015-11-10 16:55:01,2015-11-10 08:00:00,2015-11-10 16:00:00
"315","Nov 11",2015-11-11 07:39:25,2015-11-11 16:53:35,2015-11-11 08:00:00,2015-11-11 16:00:00
"316","Nov 12",2015-11-12 07:41:04,2015-11-12 16:52:11,2015-11-12 08:15:00,2015-11-12 16:15:00
"317","Nov 13",2015-11-13 07:42:43,2015-11-13 16:50:49,2015-11-13 08:00:00,2015-11-13 16:00:00
"318","Nov 14",2015-11-14 07:44:22,2015-11-14 16:49:29,2015-11-14 07:45:00,2015-11-14 16:45:00
"319","Nov 15",2015-11-15 07:46:00,2015-11-15 16:48:11,2015-11-15 08:15:00,2015-11-15 16:15:00
"320","Nov 16",2015-11-16 07:47:38,2015-11-16 16:46:56,2015-11-16 08:45:00,2015-11-16 16:45:00
"321","Nov 17",2015-11-17 07:49:15,2015-11-17 16:45:43,2015-11-17 08:00:00,2015-11-17 16:00:00
"322","Nov 18",2015-11-18 07:50:51,2015-11-18 16:44:32,2015-11-18 08:00:00,2015-11-18 16:00:00
"323","Nov 19",2015-11-19 07:52:27,2015-11-19 16:43:24,2015-11-19 08:00:00,2015-11-19 16:00:00
"324","Nov 20",2015-11-20 07:54:02,2015-11-20 16:42:18,2015-11-20 08:30:00,2015-11-20 16:30:00
"325","Nov 21",2015-11-21 07:55:36,2015-11-21 16:41:14,2015-11-21 08:30:00,2015-11-21 16:30:00
"326","Nov 22",2015-11-22 07:57:09,2015-11-22 16:40:13,2015-11-22 08:30:00,2015-11-22 16:30:00
"327","Nov 23",2015-11-23 07:58:41,2015-11-23 16:39:15,2015-11-23 08:15:00,2015-11-23 16:15:00
"328","Nov 24",2015-11-24 08:00:12,2015-11-24 16:38:19,2015-11-24 08:15:00,2015-11-24 16:15:00
"329","Nov 25",2015-11-25 08:01:42,2015-11-25 16:37:27,2015-11-25 09:00:00,2015-11-25 16:00:00
"330","Nov 26",2015-11-26 08:03:10,2015-11-26 16:36:36,2015-11-26 08:15:00,2015-11-26 16:15:00
"331","Nov 27",2015-11-27 08:04:37,2015-11-27 16:35:49,2015-11-27 09:00:00,2015-11-27 16:00:00
"332","Nov 28",2015-11-28 08:06:03,2015-11-28 16:35:04,2015-11-28 08:30:00,2015-11-28 16:30:00
"333","Nov 29",2015-11-29 08:07:28,2015-11-29 16:34:23,2015-11-29 08:45:00,2015-11-29 15:45:00
"334","Nov 30",2015-11-30 08:08:51,2015-11-30 16:33:44,2015-11-30 09:00:00,2015-11-30 16:00:00
"335","Dec 1",2015-12-01 08:10:12,2015-12-01 16:33:08,2015-12-01 08:15:00,2015-12-01 16:15:00
"336","Dec 2",2015-12-02 08:11:31,2015-12-02 16:32:35,2015-12-02 08:45:00,2015-12-02 15:45:00
"337","Dec 3",2015-12-03 08:12:49,2015-12-03 16:32:06,2015-12-03 08:15:00,2015-12-03 16:15:00
"338","Dec 4",2015-12-04 08:14:05,2015-12-04 16:31:39,2015-12-04 08:45:00,2015-12-04 15:45:00
"339","Dec 5",2015-12-05 08:15:19,2015-12-05 16:31:15,2015-12-05 09:00:00,2015-12-05 16:00:00
"340","Dec 6",2015-12-06 08:16:31,2015-12-06 16:30:55,2015-12-06 09:00:00,2015-12-06 16:00:00
"341","Dec 7",2015-12-07 08:17:40,2015-12-07 16:30:37,2015-12-07 08:45:00,2015-12-07 15:45:00
"342","Dec 8",2015-12-08 08:18:48,2015-12-08 16:30:23,2015-12-08 09:00:00,2015-12-08 16:00:00
"343","Dec 9",2015-12-09 08:19:53,2015-12-09 16:30:12,2015-12-09 09:15:00,2015-12-09 16:15:00
"344","Dec 10",2015-12-10 08:20:56,2015-12-10 16:30:04,2015-12-10 08:30:00,2015-12-10 16:30:00
"345","Dec 11",2015-12-11 08:21:57,2015-12-11 16:29:59,2015-12-11 08:30:00,2015-12-11 15:30:00
"346","Dec 12",2015-12-12 08:22:55,2015-12-12 16:29:58,2015-12-12 08:30:00,2015-12-12 15:30:00
"347","Dec 13",2015-12-13 08:23:50,2015-12-13 16:30:00,2015-12-13 09:15:00,2015-12-13 16:15:00
"348","Dec 14",2015-12-14 08:24:43,2015-12-14 16:30:05,2015-12-14 08:30:00,2015-12-14 16:30:00
"349","Dec 15",2015-12-15 08:25:33,2015-12-15 16:30:13,2015-12-15 08:30:00,2015-12-15 16:30:00
"350","Dec 16",2015-12-16 08:26:21,2015-12-16 16:30:24,2015-12-16 08:30:00,2015-12-16 16:30:00
"351","Dec 17",2015-12-17 08:27:06,2015-12-17 16:30:39,2015-12-17 09:00:00,2015-12-17 16:00:00
"352","Dec 18",2015-12-18 08:27:48,2015-12-18 16:30:57,2015-12-18 08:30:00,2015-12-18 16:30:00
"353","Dec 19",2015-12-19 08:28:27,2015-12-19 16:31:18,2015-12-19 09:00:00,2015-12-19 16:00:00
"354","Dec 20",2015-12-20 08:29:03,2015-12-20 16:31:42,2015-12-20 09:15:00,2015-12-20 16:15:00
"355","Dec 21",2015-12-21 08:29:36,2015-12-21 16:32:10,2015-12-21 09:00:00,2015-12-21 16:00:00
"356","Dec 22",2015-12-22 08:30:06,2015-12-22 16:32:40,2015-12-22 09:00:00,2015-12-22 16:00:00
"357","Dec 23",2015-12-23 08:30:33,2015-12-23 16:33:14,2015-12-23 09:15:00,2015-12-23 16:15:00
"358","Dec 24",2015-12-24 08:30:57,2015-12-24 16:33:50,2015-12-24 09:00:00,2015-12-24 16:00:00
"359","Dec 25",2015-12-25 08:31:17,2015-12-25 16:34:30,2015-12-25 09:30:00,2015-12-25 16:30:00
"360","Dec 26",2015-12-26 08:31:35,2015-12-26 16:35:13,2015-12-26 09:30:00,2015-12-26 16:30:00
"361","Dec 27",2015-12-27 08:31:50,2015-12-27 16:35:58,2015-12-27 09:00:00,2015-12-27 16:00:00
"362","Dec 28",2015-12-28 08:32:01,2015-12-28 16:36:46,2015-12-28 09:15:00,2015-12-28 16:15:00
"363","Dec 29",2015-12-29 08:32:09,2015-12-29 16:37:38,2015-12-29 08:45:00,2015-12-29 15:45:00
"364","Dec 30",2015-12-30 08:32:14,2015-12-30 16:38:31,2015-12-30 08:45:00,2015-12-30 15:45:00
"365","Dec 31",2015-12-31 08:32:16,2015-12-31 16:39:28,2015-12-31 09:00:00,2015-12-31 16:00:00
